<?xml version="1.0" encoding="UTF-8"?>
<metadata modelVersion="1.1.0">
  <groupId>org.springframework.boot</groupId>
  <artifactId>spring-boot-autoconfigure</artifactId>
  <version>3.0.0-SNAPSHOT</version>
  <versioning>
    <snapshot>
      <timestamp>20220304.104131</timestamp>
      <buildNumber>283</buildNumber>
    </snapshot>
    <lastUpdated>20220304104225</lastUpdated>
    <snapshotVersions>
      <snapshotVersion>
        <extension>pom.asc</extension>
        <value>3.0.0-20220304.104131-283</value>
        <updated>20220304104131</updated>
      </snapshotVersion>
      <snapshotVersion>
        <classifier>javadoc</classifier>
        <extension>jar</extension>
        <value>3.0.0-20220304.104131-283</value>
        <updated>20220304104131</updated>
      </snapshotVersion>
      <snapshotVersion>
        <classifier>sources</classifier>
        <extension>jar</extension>
        <value>3.0.0-20220304.104131-283</value>
        <updated>20220304104131</updated>
      </snapshotVersion>
      <snapshotVersion>
        <extension>jar</extension>
        <value>3.0.0-20220304.104131-283</value>
        <updated>20220304104131</updated>
      </snapshotVersion>
      <snapshotVersion>
        <extension>jar.asc</extension>
        <value>3.0.0-20220304.104131-283</value>
        <updated>20220304104131</updated>
      </snapshotVersion>
      <snapshotVersion>
        <classifier>javadoc</classifier>
        <extension>jar.asc</extension>
        <value>3.0.0-20220304.104131-283</value>
        <updated>20220304104131</updated>
      </snapshotVersion>
      <snapshotVersion>
        <extension>pom</extension>
        <value>3.0.0-20220304.104131-283</value>
        <updated>20220304104131</updated>
      </snapshotVersion>
      <snapshotVersion>
        <extension>module.asc</extension>
        <value>3.0.0-20220304.104131-283</value>
        <updated>20220304104131</updated>
      </snapshotVersion>
      <snapshotVersion>
        <extension>module</extension>
        <value>3.0.0-20220304.104131-283</value>
        <updated>20220304104131</updated>
      </snapshotVersion>
      <snapshotVersion>
        <classifier>sources</classifier>
        <extension>jar.asc</extension>
        <value>3.0.0-20220303.212151-282</value>
        <updated>20220303212151</updated>
      </snapshotVersion>
    </snapshotVersions>
  </versioning>
</metadata>
