<?xml version="1.0" encoding="UTF-8"?>
<metadata modelVersion="1.1.0">
  <groupId>org.springframework.boot</groupId>
  <artifactId>spring-boot-starter-parent</artifactId>
  <version>3.0.0-SNAPSHOT</version>
  <versioning>
    <snapshot>
      <timestamp>20220304.104131</timestamp>
      <buildNumber>283</buildNumber>
    </snapshot>
    <lastUpdated>20220304104223</lastUpdated>
    <snapshotVersions>
      <snapshotVersion>
        <extension>pom.asc</extension>
        <value>3.0.0-20220304.104131-283</value>
        <updated>20220304104131</updated>
      </snapshotVersion>
      <snapshotVersion>
        <extension>pom</extension>
        <value>3.0.0-20220304.104131-283</value>
        <updated>20220304104131</updated>
      </snapshotVersion>
    </snapshotVersions>
  </versioning>
</metadata>
